link,sources,state,pass_rate,avg,last,vless,trojan,vmess,JP,KR,HK,SG,US,TW,domain,last_run
https://raw.githubusercontent.com/ebrasha/free-v2ray-public-list/refs/heads/main/all_extracted_configs.txt,manual,active,30/30,9086.5,6917,4551,1062,1304,97,77,86,89,670,65,5833,2026-10-03
https://raw.githubusercontent.com/DukeMehdi/FreeList-V2ray-Configs/refs/heads/main/Configs/VLESS-DukeMehdi-Configs.txt,manual,active,30/30,4605.4,4562,4562,0,0,45,45,48,64,551,42,3767,2026-10-03
https://raw.githubusercontent.com/mheidari98/.proxy/main/all,manual,active,30/30,4349.7,4571,2768,694,1109,256,130,138,115,1022,44,2866,2026-10-03
https://raw.githubusercontent.com/Leon406/SubCrawler/master/sub/share/vless,sinspired_scan,active,30/30,3012.3,3189,3189,0,0,105,36,75,162,844,14,1953,2026-10-03
https://raw.githubusercontent.com/sevcator/5ubscrpt10n/main/mini/m1n1-5ub-14.txt,sinspired_scan,active,30/30,2255.2,2254,1312,705,237,118,85,69,79,453,22,1428,2026-10-03
https://raw.githubusercontent.com/liMilCo/v2r/main/configs.txt,sinspired_scan,active,30/30,2133.0,2288,1267,61,960,27,4,68,30,394,2,1763,2026-10-03
https://raw.githubusercontent.com/sevcator/5ubscrpt10n/main/mini/m1n1-5ub-19.txt,sinspired_scan,active,30/30,1921.2,1920,1920,0,0,137,99,39,14,356,7,1268,2026-10-03
https://raw.githubusercontent.com/SoliSpirit/v2ray-configs/main/all_configs.txt,manual,active,30/30,1870.0,1919,1412,47,460,23,1,40,31,394,2,1428,2026-10-03
https://raw.githubusercontent.com/sakha1370/OpenRay/main/output/all_valid_proxies.txt,sinspired_scan,active,30/30,1834.5,1750,1551,107,92,47,25,26,55,324,48,1225,2026-10-03
https://raw.githubusercontent.com/sinspired/airport/main/subs/soroushmirzaei.yaml,sinspired_col,active,30/30,1448.0,1448,1434,0,14,166,206,100,214,757,5,0,2026-10-03
https://raw.githubusercontent.com/xiaoji235/airport-free/main/v2ray.txt,manual,active,30/30,1267.6,1267,1056,75,136,183,81,35,45,312,3,608,2026-10-03
https://raw.githubusercontent.com/xiaoji235/airport-free/refs/heads/main/v2ray/clashnodecc.txt,manual,active,30/30,1259.6,1259,1049,75,135,182,81,33,45,311,3,604,2026-10-03
https://raw.githubusercontent.com/DukeMehdi/FreeList-V2ray-Configs/refs/heads/main/Configs/TROJAN-DukeMehdi-Configs.txt,manual,active,30/30,1202.1,1202,0,1202,0,29,21,25,16,89,21,1001,2026-10-03
https://raw.githubusercontent.com/ALIILAPRO/v2rayNG-Config/main/sub.txt,manual,active,30/30,478.2,508,133,0,375,6,0,18,3,63,0,418,2026-10-03
https://raw.githubusercontent.com/mahdibland/SSAggregator/master/sub/sub_merge_yaml.yml,manual,active,30/30,362.3,376,0,0,376,13,6,7,13,147,8,182,2026-10-03
https://raw.githubusercontent.com/mahdibland/V2RayAggregator/master/sub/sub_merge_yaml.yml,manual,active,30/30,362.3,376,0,0,376,13,6,7,13,147,8,182,2026-10-03
https://raw.githubusercontent.com/sinspired/airport/main/subs/anaer.yaml,sinspired_col,active,30/30,341.0,341,274,0,67,3,4,1,4,75,3,251,2026-10-03
https://raw.githubusercontent.com/Q3dlaXpoaQ/V2rayN_Clash_Node_Getter/main/APIs/sc2.yaml,sinspired_cm,active,30/30,302.0,328,310,0,18,28,4,5,12,50,1,228,2026-10-03
https://raw.githubusercontent.com/Q3dlaXpoaQ/V2rayN_Clash_Node_Getter/refs/heads/main/APIs/sc2.yaml,manual,active,30/30,302.0,328,310,0,18,28,4,5,12,50,1,228,2026-10-03
https://raw.githubusercontent.com/anaer/Sub/main/clash.yaml,manual,active,30/30,293.6,389,143,0,246,8,4,8,9,188,7,165,2026-10-03
https://raw.githubusercontent.com/NiceVPN123/NiceVPN/main/utils/pool/output.yaml,sinspired_cm,active,30/30,226.0,226,0,0,226,1,0,6,0,25,0,194,2026-10-03
https://raw.githubusercontent.com/NiceVPN123/NiceVPN/main/Clash.yaml,sinspired_cm,active,30/30,225.0,225,0,0,225,1,0,6,0,25,0,193,2026-10-03
https://node.freeclashnode.com/uploads/{Y}/{mm}/2-{Ymd}.yaml,manual,active,30/30,202.7,201,176,0,25,11,1,4,6,44,0,135,2026-10-03
https://raw.githubusercontent.com/sinspired/airport/main/subs/coldwater-10.yaml,sinspired_col,active,30/30,201.0,201,201,0,0,3,15,7,30,145,1,0,2026-10-03
https://raw.githubusercontent.com/sinspired/airport/main/subs/trial.yaml,sinspired_col,active,30/30,149.6,149,147,0,2,1,4,1,2,42,7,92,2026-10-03
https://github.com/Au1rxx/free-vpn-subscriptions/raw/main/output/by-country/v2ray-base64-US.txt,manual,active,30/30,144.8,177,167,1,9,0,0,0,0,159,0,18,2026-10-03
https://proxypool.link/trojan/sub,manual,active,30/30,110.3,129,0,129,0,4,0,3,1,2,0,119,2026-10-03
https://raw.githubusercontent.com/MhdiTaheri/V2rayCollector/main/sub/mix,sinspired_scan,active,30/30,105.1,103,66,10,27,3,0,5,1,30,0,64,2026-10-03
https://raw.githubusercontent.com/sinspired/airport/main/subs/_previous.yaml,sinspired_col,active,30/30,105.0,105,105,0,0,2,0,22,3,65,0,13,2026-10-03
https://github.com/Au1rxx/free-vpn-subscriptions/raw/main/output/by-country/v2ray-base64-JP.txt,manual,active,30/30,99.4,110,75,35,0,72,0,0,0,0,0,38,2026-10-03
https://raw.githubusercontent.com/liMilCo/v2r/main/base64/2.txt,sinspired_scan,active,30/30,95.7,107,67,4,36,2,0,2,2,19,0,82,2026-10-03
https://raw.githubusercontent.com/ts-sf/fly/main/clash,sinspired_cm,active,30/30,92.7,92,0,0,92,0,1,11,0,7,0,73,2026-10-03
https://raw.githubusercontent.com/free-nodes/v2rayfree/main/sub,manual,active,30/30,82.5,119,64,0,55,0,0,1,4,18,0,96,2026-10-03
https://clashgithub.com/wp-content/uploads/rss/{Ymd}.txt,manual,active,30/30,77.5,123,74,1,48,1,0,2,4,27,0,89,2026-10-03
https://raw.githubusercontent.com/F0rc3Run/F0rc3Run/refs/heads/main/splitted-by-protocol/vless.txt,manual,active,30/30,73.5,68,68,0,0,4,0,0,3,21,0,40,2026-10-03
https://github.com/crackbest/V2ray-Config/raw/refs/heads/main/config.txt,manual,active,30/30,71.9,65,61,4,0,2,0,2,3,20,0,38,2026-10-03
https://raw.githubusercontent.com/crackbest/V2ray-Config/refs/heads/main/config.txt,manual,active,30/30,71.9,65,61,4,0,2,0,2,3,20,0,38,2026-10-03
https://github.com/Au1rxx/free-vpn-subscriptions/raw/main/output/by-country/v2ray-base64-SG.txt,manual,active,30/30,68.0,72,68,4,0,0,0,0,59,0,0,13,2026-10-03
https://raw.githubusercontent.com/free-nodes/clashfree/main/clash{Ymd}.yml,manual,active,30/30,62.8,117,63,0,54,0,0,1,4,17,0,95,2026-10-03
https://raw.githubusercontent.com/sinspired/airport/main/subs/clashfree.yaml,sinspired_col,active,30/30,56.0,56,53,0,3,1,15,1,2,19,1,17,2026-10-03
https://raw.githubusercontent.com/acymz/AutoVPN/main/data/V2.txt,manual,active,30/30,53.7,81,79,2,0,5,5,1,5,18,3,44,2026-10-03
https://raw.githubusercontent.com/igareck/vpn-configs-for-russia/main/BLACK_VLESS_RUS_mobile.txt,sinspired_scan,active,30/30,48.8,47,38,2,7,5,0,0,0,11,0,31,2026-10-03
https://raw.githubusercontent.com/igareck/vpn-configs-for-russia/main/BLACK_VLESS_RUS.txt,sinspired_scan,active,30/30,45.4,35,35,0,0,4,0,0,0,10,0,21,2026-10-03
https://www.ermao.net/sub/clash/ermao.net,manual,active,30/30,43.3,60,44,0,16,0,5,3,1,9,5,37,2026-10-03
https://raw.githubusercontent.com/ermaozi/get_subscribe/main/subscribe/clash.yml,sinspired_cm,active,30/30,42.5,60,44,0,16,0,5,3,1,9,5,37,2026-10-03
https://raw.githubusercontent.com/LoneKingCode/free-proxy-db/main/proxies/all.txt,sinspired_scan,active,30/30,40.8,46,18,27,1,3,3,0,2,33,0,5,2026-10-03
https://raw.githubusercontent.com/xtoolkit/TVC/main/subscriptions/meta/mix,manual,active,30/30,37.7,0,0,0,0,0,0,0,0,0,0,0,2026-10-03
https://raw.githubusercontent.com/barry-far/V2ray-config/main/Sub2.txt,sinspired_scan,active,30/30,30.5,34,0,34,0,0,0,2,0,11,0,21,2026-10-03
https://raw.githubusercontent.com/ts-sf/fly/main/v2,manual,active,30/30,30.3,29,0,0,29,0,0,5,0,1,0,23,2026-10-03
https://raw.githubusercontent.com/peasoft/NoMoreWalls/master/list.meta.yml,manual,active,30/30,29.1,35,23,0,12,0,1,1,0,7,1,25,2026-10-03
https://raw.githubusercontent.com/peasoft/NoMoreWalls/master/snippets/nodes.meta.yml,manual,active,30/30,29.1,35,23,0,12,0,1,1,0,7,1,25,2026-10-03
https://raw.githubusercontent.com/Barabama/FreeNodes/main/nodes/blues.txt,sinspired_scan,active,30/30,27.0,27,25,2,0,0,0,0,0,7,0,20,2026-10-03
https://raw.githubusercontent.com/hans-thomas/v2ray-subscription/refs/heads/master/servers.txt,manual,active,30/30,26.5,38,34,2,2,0,0,0,0,28,0,10,2026-10-03
https://raw.githubusercontent.com/PangTouY00/Auto_proxy/main/Long_term_subscription_num,manual,active,30/30,24.5,76,74,2,0,5,5,1,4,20,3,38,2026-10-03
https://raw.githubusercontent.com/sinspired/airport/main/subs/snakem982.yaml,sinspired_col,active,30/30,24.0,24,23,0,1,0,5,0,1,14,1,3,2026-10-03
https://raw.githubusercontent.com/sinspired/airport/main/subs/zhangkaiitugithub.yaml,sinspired_col,active,30/30,24.0,24,23,0,1,0,5,0,1,14,1,3,2026-10-03
https://github.com/Au1rxx/free-vpn-subscriptions/raw/main/output/by-country/v2ray-base64-KR.txt,manual,active,30/30,22.2,26,17,9,0,0,17,0,0,0,0,9,2026-10-03
https://raw.githubusercontent.com/Ruk1ng001/freeSub/main/clash.yaml,manual,active,30/30,21.0,56,19,0,37,1,0,1,0,4,0,50,2026-10-03
https://raw.githubusercontent.com/Delta-Kronecker/V2ray-Config/main/config/clash.yaml,sinspired_scan,active,30/30,19.4,24,0,0,24,0,0,2,0,5,0,17,2026-10-03
https://raw.githubusercontent.com/itsyebekhe/PSG/main/lite/subscriptions/xray/vless,manual,active,30/30,18.7,20,20,0,0,1,0,0,0,1,0,18,2026-10-03
https://raw.githubusercontent.com/justVisiting992/xray-Config-Collector/main/clash.yaml,manual,active,30/30,18.4,24,0,0,24,0,0,1,0,4,0,19,2026-10-03
https://raw.githubusercontent.com/sinspired/airport/main/subs/yudou.yaml,sinspired_col,active,30/30,17.0,17,16,0,1,0,0,13,0,2,0,2,2026-10-03
https://raw.githubusercontent.com/snakem982/proxypool/main/source/clash-meta-2.yaml,sinspired_cm,active,30/30,16.4,10,10,0,0,0,1,0,0,2,1,6,2026-10-03
https://raw.githubusercontent.com/Misaka-blog/chromego_merge/main/sub/merged_proxies_new.yaml,manual,active,30/30,15.2,24,0,0,24,0,0,0,0,0,0,24,2026-10-03
https://raw.githubusercontent.com/sinspired/airport/main/subs/tssf.yaml,sinspired_col,active,30/30,15.0,15,0,0,15,0,0,3,0,3,0,9,2026-10-03
https://raw.githubusercontent.com/sinspired/airport/main/subs/aiboboxx.yaml,sinspired_col,active,30/30,15.0,15,15,0,0,1,0,0,0,1,0,13,2026-10-03
https://raw.githubusercontent.com/Surfboardv2ray/v2ray-worker-sub/refs/heads/master/Eternity.txt,manual,active,30/30,15.0,15,0,1,14,0,0,2,0,1,0,12,2026-10-03
https://node.freeclashnode.com/uploads/{Y}/{mm}/0-{Ymd}.yaml,manual,active,30/30,14.0,59,58,0,1,7,2,4,3,22,0,21,2026-10-03
https://www.xrayvip.com/free.txt,manual,active,30/30,12.5,8,8,0,0,0,0,0,1,1,0,6,2026-10-03
https://raw.githubusercontent.com/ovmvo/SubShare/main/sub/permanent/mihomo.yaml,sinspired_scan,active,30/30,12.0,11,9,0,2,0,0,1,1,2,0,7,2026-10-03
https://raw.githubusercontent.com/MatinGhanbari/v2ray-configs/main/subscriptions/v2ray/subs/sub2.txt,sinspired_scan,active,30/30,12.0,12,0,7,5,0,0,3,0,0,0,9,2026-10-03
https://raw.githubusercontent.com/peasoft/NoMoreWalls/master/list.yml,manual,active,30/30,8.4,12,0,0,12,0,0,0,0,0,0,12,2026-10-03
https://raw.githubusercontent.com/Arefgh72/v2ray-proxy-pars-tester/main/output/github_all.txt,sinspired_scan,active,30/30,8.4,5,1,4,0,0,0,0,0,2,0,3,2026-10-03
https://raw.githubusercontent.com/peacefish/nodefree/main/sub/proxy_cf.yaml,sinspired_cm,active,30/30,8.2,4,3,0,1,0,0,0,0,1,0,3,2026-10-03
https://raw.githubusercontent.com/mgit0001/test_clash/main/heima.txt,sinspired_cm,active,30/30,8.0,8,0,8,0,0,0,0,0,0,0,8,2026-10-03
https://raw.githubusercontent.com/mgit0001/test_clash/refs/heads/main/heima.txt,manual,active,30/30,8.0,8,0,8,0,0,0,0,0,0,0,8,2026-10-03
https://raw.githubusercontent.com/xiaoji235/airport-free/refs/heads/main/v2ray/v2rayshare.txt,manual,active,30/30,8.0,8,7,0,1,1,0,2,0,1,0,4,2026-10-03
https://github.com/Au1rxx/free-vpn-subscriptions/raw/main/output/by-country/v2ray-base64-HK.txt,manual,active,30/30,7.9,2,0,1,1,0,0,2,0,0,0,0,2026-10-03
https://raw.githubusercontent.com/chengaopan/AutoMergePublicNodes/master/list.yml,manual,active,30/30,7.0,12,0,0,12,0,0,0,0,0,0,12,2026-10-03
https://raw.githubusercontent.com/Barabama/FreeNodes/main/nodes/ndnode.txt,manual,active,30/30,7.0,7,0,7,0,6,0,1,0,0,0,0,2026-10-03
https://raw.githubusercontent.com/vxiaov/free_proxies/main/clash/clash.provider.yaml,sinspired_cm,active,30/30,7.0,7,0,0,7,0,0,0,0,0,0,7,2026-10-03
https://raw.githubusercontent.com/zhangkaiitugithub/passcro/main/speednodes.yaml,manual,active,30/30,7.0,7,7,0,0,0,0,0,0,5,0,2,2026-10-03
https://raw.githubusercontent.com/F0rc3Run/F0rc3Run/refs/heads/main/splitted-by-protocol/vmess.txt,manual,active,30/30,6.1,10,0,0,10,0,0,1,0,0,0,9,2026-10-03
https://raw.githubusercontent.com/sinspired/airport/main/subs/_pool.yaml,sinspired_col,active,30/30,6.0,6,4,0,2,0,0,1,0,3,0,2,2026-10-03
https://raw.githubusercontent.com/actionsfz/v2ray/master/all.yaml,manual,active,30/30,6.0,6,4,0,2,1,0,0,0,3,0,2,2026-10-03
https://raw.githubusercontent.com/actionsfz/v2ray/refs/heads/master/all.yaml,manual,active,30/30,6.0,6,4,0,2,1,0,0,0,3,0,2,2026-10-03
https://raw.githubusercontent.com/sinspired/airport/main/subs/xrayvip.yaml,sinspired_col,active,30/30,6.0,6,6,0,0,0,0,0,0,0,0,6,2026-10-03
https://raw.githubusercontent.com/mahdibland/ShadowsocksAggregator/master/Eternity.yml,sinspired_cm,active,30/30,5.6,7,0,0,7,0,0,1,0,2,0,4,2026-10-03
https://raw.githubusercontent.com/Shjpr9/Subs/refs/heads/main/sub.txt,manual,active,30/30,5.0,5,5,0,0,0,0,0,0,0,0,5,2026-10-03
https://raw.githubusercontent.com/igareck/vpn-configs-for-russia/main/BLACK_SS+All_RUS.txt,sinspired_scan,active,30/30,4.4,7,0,0,7,0,0,0,0,0,0,7,2026-10-03
https://raw.githubusercontent.com/sinspired/airport/main/subs/ttvg.yaml,sinspired_col,active,30/30,4.0,4,4,0,0,0,0,0,0,1,0,3,2026-10-03
https://raw.githubusercontent.com/sinspired/airport/main/subs/hkaa0.yaml,sinspired_col,active,30/30,4.0,4,4,0,0,0,0,0,0,0,4,0,2026-10-03
https://raw.githubusercontent.com/shaoyouvip/free/refs/heads/main/all.yaml,manual,active,30/30,3.5,1,1,0,0,0,0,0,0,0,0,1,2026-10-03
https://github.com/Au1rxx/free-vpn-subscriptions/raw/main/output/by-country/v2ray-base64-TW.txt,manual,active,30/30,3.5,4,4,0,0,0,0,0,0,0,2,2,2026-10-03
https://raw.githubusercontent.com/F0rc3Run/F0rc3Run/refs/heads/main/splitted-by-protocol/trojan.txt,manual,active,29/30,3.1,4,0,4,0,0,0,0,0,1,0,3,2026-10-03
https://raw.githubusercontent.com/Barabama/FreeNodes/main/nodes/nodefree.txt,manual,active,30/30,3.0,3,2,1,0,0,0,1,0,1,0,1,2026-10-03
https://raw.githubusercontent.com/mfbpn/tg_mfbpn_sub/main/trial.yaml,sinspired_cm,active,30/30,3.0,3,0,0,3,0,0,0,0,0,0,3,2026-10-03
https://raw.githubusercontent.com/sinspired/airport/main/subs/mahdibland.yaml,sinspired_col,active,30/30,3.0,3,0,0,3,0,0,0,0,0,0,3,2026-10-03
https://raw.githubusercontent.com/Barabama/FreeNodes/main/nodes/v2rayshare.txt,manual,active,30/30,3.0,3,2,1,0,0,0,1,0,1,0,1,2026-10-03
https://raw.githubusercontent.com/Barabama/FreeNodes/main/nodes/wenode.txt,manual,active,30/30,3.0,3,2,1,0,0,0,1,0,1,0,1,2026-10-03
https://raw.githubusercontent.com/Barabama/FreeNodes/main/nodes/yudou66.txt,sinspired_cm,active,30/30,3.0,3,1,2,0,0,0,0,1,0,0,2,2026-10-03
https://raw.githubusercontent.com/Barabama/FreeNodes/main/nodes/yudou66.yaml,manual,active,30/30,3.0,3,1,2,0,0,0,0,1,0,0,2,2026-10-03
https://raw.githubusercontent.com/free18/v2ray/main/c.yaml,manual,active,30/30,2.3,1,0,0,1,0,0,0,0,0,0,1,2026-10-03
https://raw.githubusercontent.com/Pawdroid/Free-servers/main/sub,manual,active,30/30,2.2,0,0,0,0,0,0,0,0,0,0,0,2026-10-03
https://raw.githubusercontent.com/Pawdroid/Free-servers/refs/heads/main/sub,manual,active,30/30,2.2,0,0,0,0,0,0,0,0,0,0,0,2026-10-03
https://raw.githubusercontent.com/sinspired/airport/main/subs/SFZY666.yaml,sinspired_col,active,30/30,2.0,2,0,0,2,0,0,1,0,0,0,1,2026-10-03
https://raw.githubusercontent.com/hello-world-1989/cn-news/main/end-gfw-together,manual,active,30/30,2.0,2,2,0,0,0,1,0,1,0,0,0,2026-10-03
https://raw.githubusercontent.com/asgharkapk/Sub-Config-Extractor/main/output_configs/mixed/Leon406/SubCrawler/sub/share/a11.yaml,sinspired_scan,active,30/30,1.9,1,0,0,1,0,0,0,0,0,0,1,2026-10-03
https://raw.githubusercontent.com/ripaojiedian/freenode/main/clash,manual,active,30/30,1.5,0,0,0,0,0,0,0,0,0,0,0,2026-10-03
https://free.datiya.com/uploads/{Ymd}-clash.yaml,manual,active,30/30,1.3,0,0,0,0,0,0,0,0,0,0,0,2026-10-03
https://raw.githubusercontent.com/Q3dlaXpoaQ/V2rayN_Clash_Node_Getter/main/APIs/sc0.yaml,sinspired_cm,active,30/30,1.0,1,0,0,1,0,0,0,0,0,0,1,2026-10-03
https://raw.githubusercontent.com/Q3dlaXpoaQ/V2rayN_Clash_Node_Getter/refs/heads/main/APIs/sc0.yaml,manual,active,30/30,1.0,1,0,0,1,0,0,0,0,0,0,1,2026-10-03
https://raw.githubusercontent.com/Q3dlaXpoaQ/V2rayN_Clash_Node_Getter/main/APIs/sc3.yaml,sinspired_cm,active,30/30,1.0,1,0,0,1,0,0,0,0,0,0,1,2026-10-03
https://raw.githubusercontent.com/Q3dlaXpoaQ/V2rayN_Clash_Node_Getter/refs/heads/main/APIs/sc3.yaml,manual,active,30/30,1.0,1,0,0,1,0,0,0,0,0,0,1,2026-10-03
https://raw.githubusercontent.com/firefoxmmx2/v2rayshare_subcription/main/subscription/clash_sub.yaml,manual,active,30/30,1.0,1,0,0,1,0,0,0,0,0,0,1,2026-10-03
https://raw.githubusercontent.com/Barabama/FreeNodes/main/nodes/clashmeta.txt,manual,active,30/30,1.0,1,0,1,0,0,0,0,1,0,0,0,2026-10-03
https://node.freeclashnode.com/uploads/{Y}/{mm}/3-{Ymd}.yaml,manual,active,30/30,1.0,1,0,0,1,0,0,0,0,0,0,1,2026-10-03
https://raw.githubusercontent.com/vxiaov/free_proxies/main/links.txt,sinspired_cm,active,30/30,1.0,1,0,0,1,0,0,0,0,0,0,1,2026-10-03
https://raw.githubusercontent.com/HakurouKen/free-node/main/public,manual,active,30/30,0.2,0,0,0,0,0,0,0,0,0,0,0,2026-10-03
https://raw.githubusercontent.com/ggborr/FREEE-VPN/refs/heads/main/9v2ray,manual,active,30/30,0.1,0,0,0,0,0,0,0,0,0,0,0,2026-10-03
https://node.freeclashnode.com/uploads/{Y}/{mm}/1-{Ymd}.yaml,manual,active,30/30,0.1,0,0,0,0,0,0,0,0,0,0,0,2026-10-03
https://raw.githubusercontent.com/asgharkapk/Sub-Config-Extractor/main/output_configs/clash/Ruk1ng001.yaml,sinspired_scan,active,30/30,0.0,0,0,0,0,0,0,0,0,0,0,0,2026-10-03
https://raw.githubusercontent.com/go4sharing/sub/main/sub.yaml,manual,active,30/30,0.0,0,0,0,0,0,0,0,0,0,0,0,2026-10-03
https://raw.githubusercontent.com/DukeMehdi/FreeList-V2ray-Configs/refs/heads/main/Configs/VMESS-DukeMehdi-Configs.txt,manual,active,30/30,0.0,0,0,0,0,0,0,0,0,0,0,0,2026-10-03
https://github.com/AzadNetCH/Clash/raw/refs/heads/main/AzadNet.txt,manual,active,30/30,0.0,0,0,0,0,0,0,0,0,0,0,0,2026-10-03
https://raw.githubusercontent.com/aiboboxx/v2rayfree/main/README.md,manual,active,30/30,0.0,0,0,0,0,0,0,0,0,0,0,0,2026-10-03
https://raw.githubusercontent.com/aiboboxx/v2rayfree/refs/heads/main/README.md,manual,active,30/30,0.0,0,0,0,0,0,0,0,0,0,0,0,2026-10-03
https://raw.githubusercontent.com/roosterkid/openproxylist/refs/heads/main/V2RAY.txt,manual,active,30/30,0.0,0,0,0,0,0,0,0,0,0,0,0,2026-10-03
https://raw.githubusercontent.com/Q3dlaXpoaQ/V2rayN_Clash_Node_Getter/main/APIs/sc1.yaml,sinspired_cm,active,30/30,0.0,0,0,0,0,0,0,0,0,0,0,0,2026-10-03
https://raw.githubusercontent.com/Q3dlaXpoaQ/V2rayN_Clash_Node_Getter/refs/heads/main/APIs/sc1.yaml,manual,active,30/30,0.0,0,0,0,0,0,0,0,0,0,0,0,2026-10-03
https://raw.githubusercontent.com/sinspired/airport/main/subs/chengaopan.yaml,sinspired_col,active,30/30,0.0,0,0,0,0,0,0,0,0,0,0,0,2026-10-03
https://raw.githubusercontent.com/sinspired/airport/main/subs/peasoft.yaml,sinspired_col,active,30/30,0.0,0,0,0,0,0,0,0,0,0,0,0,2026-10-03
https://raw.githubusercontent.com/sinspired/airport/main/subs/ripaojiedian.yaml,sinspired_col,active,30/30,0.0,0,0,0,0,0,0,0,0,0,0,0,2026-10-03
https://raw.githubusercontent.com/Barabama/FreeNodes/main/nodes/clashmeta.yaml,manual,active,30/30,0.0,0,0,0,0,0,0,0,0,0,0,0,2026-10-03
https://raw.githubusercontent.com/sinspired/airport/main/subs/blue-Youtube.yaml,sinspired_col,active,30/30,0.0,0,0,0,0,0,0,0,0,0,0,0,2026-10-03
https://raw.githubusercontent.com/sinspired/airport/main/subs/Pawdroid.yaml,sinspired_col,active,30/30,0.0,0,0,0,0,0,0,0,0,0,0,0,2026-10-03
https://node.freeclashnode.com/uploads/{Y}/{mm}/4-{Ymd}.yaml,manual,active,30/30,0.0,0,0,0,0,0,0,0,0,0,0,0,2026-10-03
https://github.com/mermeroo/V2RAY-CLASH-BASE64-Subscription.Links/raw/refs/heads/main/SUB%20LINKS,manual,active,30/30,0.0,0,0,0,0,0,0,0,0,0,0,0,2026-10-03
https://raw.githubusercontent.com/andigwandi/free-proxy/main/proxy_list.txt,sinspired_scan,active,30/30,0.0,0,0,0,0,0,0,0,0,0,0,0,2026-10-03
https://raw.githubusercontent.com/asgharkapk/Sub-Config-Extractor/main/output_configs/surfboard/Barabama_ndnode.yaml,sinspired_scan,active,30/30,0.0,0,0,0,0,0,0,0,0,0,0,0,2026-10-03
https://raw.githubusercontent.com/asgharkapk/Sub-Config-Extractor/main/output_configs/surfboard/Ruk1ng001.yaml,sinspired_scan,active,30/30,0.0,0,0,0,0,0,0,0,0,0,0,0,2026-10-03
https://raw.githubusercontent.com/Barabama/FreeNodes/main/nodes/nodev2ray.txt,sinspired_cm,active,30/30,0.0,0,0,0,0,0,0,0,0,0,0,0,2026-10-03
https://raw.githubusercontent.com/dpangestuw/Free-Proxy/main/All_proxies.txt,sinspired_scan,active,30/30,0.0,0,0,0,0,0,0,0,0,0,0,0,2026-10-03
https://raw.githubusercontent.com/linzjian666/chromego_extractor/main/outputs/clash_meta.yaml,manual,active,30/30,0.0,0,0,0,0,0,0,0,0,0,0,0,2026-10-03
https://raw.githubusercontent.com/officialputuid/ProxyForEveryone/main/xResults/old-data/RAW.txt,sinspired_scan,active,30/30,0.0,0,0,0,0,0,0,0,0,0,0,0,2026-10-03
https://raw.githubusercontent.com/officialputuid/ProxyForEveryone/main/xResults/RAW.txt,sinspired_scan,active,30/30,0.0,0,0,0,0,0,0,0,0,0,0,0,2026-10-03
https://raw.githubusercontent.com/shahidbhutta/Clash/main/Router,sinspired_cm,active,30/30,0.0,0,0,0,0,0,0,0,0,0,0,0,2026-10-03
https://raw.githubusercontent.com/shahidbhutta/Clash/refs/heads/main/Router,manual,active,30/30,0.0,0,0,0,0,0,0,0,0,0,0,0,2026-10-03
https://raw.githubusercontent.com/sinspired/airport/main/subs/changfengoss.yaml,sinspired_col,active,30/30,0.0,0,0,0,0,0,0,0,0,0,0,0,2026-10-03
https://raw.githubusercontent.com/SnapdragonLee/SystemProxy/master/dist/clash_config.yaml,manual,active,30/30,0.0,0,0,0,0,0,0,0,0,0,0,0,2026-10-03
https://raw.githubusercontent.com/xiaoji235/airport-free/refs/heads/main/v2ray/naidounode.txt,manual,active,30/30,0.0,0,0,0,0,0,0,0,0,0,0,0,2026-10-03
https://raw.githubusercontent.com/sinspired/airport/main/subs/ermaozi.yaml,sinspired_col,active,30/30,0.0,0,0,0,0,0,0,0,0,0,0,0,2026-10-03
https://raw.githubusercontent.com/igareck/vpn-configs-for-russia/main/Base64/BLACK_SS+All_RUS_base64.txt,sinspired_scan,disabled,0/12,0.0,0,0,0,0,0,0,0,0,0,0,0,2026-09-20
https://raw.githubusercontent.com/igareck/vpn-configs-for-russia/main/Base64/BLACK_VLESS_RUS_base64.txt,sinspired_scan,disabled,0/12,0.0,0,0,0,0,0,0,0,0,0,0,0,2026-09-20
https://raw.githubusercontent.com/igareck/vpn-configs-for-russia/main/Base64/BLACK_VLESS_RUS_mobile_base64.txt,sinspired_scan,disabled,0/12,0.0,0,0,0,0,0,0,0,0,0,0,0,2026-09-20
https://raw.githubusercontent.com/MrMohebi/xray-proxy-grabber-telegram/master/collected-proxies/clash-meta/all.yaml,sinspired_cm,disabled,0/12,0.0,0,0,0,0,0,0,0,0,0,0,0,2026-09-20
https://raw.githubusercontent.com/yorkLiu/FreeV2RayNode/main/v2ray.txt,sinspired_cm,disabled,0/12,0.0,0,0,0,0,0,0,0,0,0,0,0,2026-09-20
https://raw.githubusercontent.com/lagzian/SS-Collector/main/SS/trinity_clash.yaml,sinspired_cm,disabled,0/12,0.0,0,0,0,0,0,0,0,0,0,0,0,2026-09-20
https://raw.githubusercontent.com/lagzian/SS-Collector/main/SS/VM_TrinityBase,sinspired_cm,disabled,0/12,0.0,0,0,0,0,0,0,0,0,0,0,0,2026-09-20
https://raw.githubusercontent.com/lagzian/SS-Collector/main/SS/TrinityBase,sinspired_cm,disabled,0/12,0.0,0,0,0,0,0,0,0,0,0,0,0,2026-09-20
